Class,F1-Score,Support
Su47,0.0,13.0
FCK1,0.0,16.0
XQ58,0.0,6.0
WZ10,0.0,3.0
J35,0.0,19.0
J50,0.0,6.0
B21,0.0,9.0
WZ9,0.0,2.0
An72,0.05263157894736842,28.0
An225,0.08333333333333333,17.0
